id,title,category,price_inr,price_usd,original_price_usd,sizes,materials,description
"stoffa_6914364276895","Bridal Border High Wedge - Rose Gold","Bridal",4000,80,60,"36 (US 5.5);37 (US 6.5);38 (US 7.5);39 (US 8.5);40 (US 9.5);41 (US 10.5)","Handcrafted vegan leather upper, metallic cord braiding, signature dual-density memory foam footbed, anti-slip durable rubber sole.","Step out in style in our traditional and elegant 3.5"" bridal wedges. Keeping in mind the colour palette of classic bridal wear, these wedges come in Light Gold and Rose Gold. Extra care taken to provide extra comfort."
"stoffa_7533698777247","Classic High K Wedge Gold","Shoes",4300,86,65,"36 (US 5.5);37 (US 6.5);38 (US 7.5);39 (US 8.5);40 (US 9.5);41 (US 10.5)","Handcrafted vegan leather upper, metallic cord braiding, signature dual-density memory foam footbed, anti-slip durable rubber sole.","Our signature hand crafted 3.5 inch high kolhapuri inspired wedge. Metallic shades intermingle to create a classic and versatile pair suitable for any occasion. Comfortable and light weight, this pair comes with a rubber non skid sole. This style is also available in 4.5 inches, 2 1/4 inches, and as flats. Size Chart"
"stoffa_7534162935967","Classic High K Wedge Champagne","Shoes",4300,86,65,"36 (US 5.5);37 (US 6.5);38 (US 7.5);39 (US 8.5);40 (US 9.5);41 (US 10.5)","Handcrafted vegan leather upper, metallic cord braiding, signature dual-density memory foam footbed, anti-slip durable rubber sole.","Our signature hand crafted 3.5 inch high kolhapuri inspired wedge. Metallic shades intermingle to create a classic and versatile pair suitable for any occasion. Comfortable and light weight, this pair comes with a rubber non skid sole. This style is also available in 4.5 inches, 2 1/4 inches, and as flats. Size Chart"
"stoffa_7534164181151","Classic High K Wedge Slate","Shoes",4300,86,65,"36 (US 5.5);37 (US 6.5);38 (US 7.5);39 (US 8.5);40 (US 9.5);41 (US 10.5)","Handcrafted vegan leather upper, metallic cord braiding, signature dual-density memory foam footbed, anti-slip durable rubber sole.","Our signature hand crafted 3.5 inch high¬†kolhapuri inspired wedge. In a range of subtle and elegant matte shades, it is a perfect match for any attire. Comfortable and light weight, this pair comes with a rubber non skid sole. comes with a rubber non skid sole and as a flat. Size Chart"
"stoffa_7534773993631","Classic High K Wedge Rose Gold","Shoes",4300,86,65,"36 (US 5.5);37 (US 6.5);38 (US 7.5);39 (US 8.5);40 (US 9.5);41 (US 10.5)","Handcrafted vegan leather upper, metallic cord braiding, signature dual-density memory foam footbed, anti-slip durable rubber sole.","Our signature hand crafted 3.5 inch high kolhapuri inspired wedge. Metallic shades intermingle to create a classic and versatile pair suitable for any occasion. Comfortable and light weight, this pair comes with a rubber non skid sole. This style is also available in 4.5 inches, 2 1/4 inches, and as flats. Size Chart"
"stoffa_7534774714527","Classic High K Wedge Antique gold","Shoes",4300,86,65,"36 (US 5.5);37 (US 6.5);38 (US 7.5);39 (US 8.5);40 (US 9.5);41 (US 10.5)","Handcrafted vegan leather upper, metallic cord braiding, signature dual-density memory foam footbed, anti-slip durable rubber sole.","Our signature hand crafted 3.5 inch high kolhapuri inspired wedge. Metallic shades intermingle to create a classic and versatile pair suitable for any occasion. Comfortable and light weight, this pair comes with a rubber non skid sole. This style is also available in 4.5 inches, 2 1/4 inches, and as flats. Size Chart"
"stoffa_7534773862559","Classic High K Wedge Pewter","Shoes",4300,86,65,"36 (US 5.5);37 (US 6.5);38 (US 7.5);39 (US 8.5);40 (US 9.5);41 (US 10.5)","Handcrafted vegan leather upper, metallic cord braiding, signature dual-density memory foam footbed, anti-slip durable rubber sole.","Our signature hand crafted 3.5 inch high kolhapuri inspired wedge. Metallic shades intermingle to create a classic and versatile pair suitable for any occasion. Comfortable and light weight, this pair comes with a rubber non skid sole. This style is also available in 2 1/4 inches, and as flats. Size Chart"
"stoffa_7534774354079","Classic High K Wedge Camel","Shoes",4300,86,65,"36 (US 5.5);37 (US 6.5);38 (US 7.5);39 (US 8.5);40 (US 9.5);41 (US 10.5)","Handcrafted vegan leather upper, metallic cord braiding, signature dual-density memory foam footbed, anti-slip durable rubber sole.","Our signature hand crafted 3.5 inch high kolhapuri inspired wedge.¬†A neutral shade expressed in a traditional ¬† format creates a classic and versatile ¬† pair suitable for any occasion.¬†Comfortable and light weight, this pair¬†comes with a rubber non skid sole.¬†This style is also available in ¬† ¬† 2 1/4 inches, and as flats. Size Chart"
"stoffa_7534774681759","Classic High K Wedge Taupe","Shoes",4300,86,65,"36 (US 5.5);37 (US 6.5);38 (US 7.5);39 (US 8.5);40 (US 9.5);41 (US 10.5)","Handcrafted vegan leather upper, metallic cord braiding, signature dual-density memory foam footbed, anti-slip durable rubber sole.","Our signature hand crafted 3.5 inch high kolhapuri inspired wedge. A neutral shade expressed in a traditional format creates a classic and versatile pair suitable for any occasion. Comfortable and light weight, this pair comes with a rubber non skid sole. This style is also available in ¬† 2 1/4 inches, and as flats. Size Chart"
"stoffa_7534776582303","Classic High K Wedge Olive","Shoes",4000,80,60,"36 (US 5.5);37 (US 6.5);38 (US 7.5);39 (US 8.5);40 (US 9.5);41 (US 10.5)","Handcrafted vegan leather upper, metallic cord braiding, signature dual-density memory foam footbed, anti-slip durable rubber sole.","Our signature hand crafted 3.5 inch high¬†kolhapuri inspired wedge. In a range of subtle and elegant matte shades, it is a perfect match for any attire. Comfortable and light weight, this pair comes with a rubber non skid sole. This style is also available in 2 1/4 inches, and as flats. Size Chart"
"stoffa_7534776615071","Classic High K Wedge Chocolate","Shoes",4300,86,65,"36 (US 5.5);37 (US 6.5);38 (US 7.5);39 (US 8.5);40 (US 9.5);41 (US 10.5)","Handcrafted vegan leather upper, metallic cord braiding, signature dual-density memory foam footbed, anti-slip durable rubber sole.","Our signature hand crafted 3.5 inch high kolhapuri inspired wedge. In a range of subtle and elegant matte shades, it is a perfect match for any attire. Comfortable and light weight, this pair comes with a rubber non skid sole. This style is also available in 2 1/4 inches, and as flats. Size Chart"
"stoffa_7534780973215","Classic High K Wedge Dark Grey","Shoes",4300,86,65,"36 (US 5.5);37 (US 6.5);38 (US 7.5);39 (US 8.5);40 (US 9.5);41 (US 10.5)","Handcrafted vegan leather upper, metallic cord braiding, signature dual-density memory foam footbed, anti-slip durable rubber sole.","Our signature hand crafted 3.5 inch high Kolhapuri inspired wedge. In a range of subtle and elegant matte shades, it is a perfect match for any attire. Comfortable and light weight, this pair comes with a rubber non skid sole. This style is also available in 2 1/4 inches, and as flats."
"stoffa_9038468546719","Classic High K Wedge Tan","Shoes",4300,86,65,"36 (US 5.5);37 (US 6.5);38 (US 7.5);39 (US 8.5);40 (US 9.5);41 (US 10.5)","Handcrafted vegan leather upper, metallic cord braiding, signature dual-density memory foam footbed, anti-slip durable rubber sole.","Our signature hand crafted 3 and a half inch kolhapuri inspired high wedge. In a range of subtle and elegant matte shades, it is a perfect match for any attire. Comfortable and light weight, this pair comes with a rubber non skid sole."
"stoffa_9038468481183","Classic High K Wedge Copper","Shoes",4300,86,65,"36 (US 5.5);37 (US 6.5);38 (US 7.5);39 (US 8.5);40 (US 9.5);41 (US 10.5)","Handcrafted vegan leather upper, metallic cord braiding, signature dual-density memory foam footbed, anti-slip durable rubber sole.","Our signature hand crafted 3 and half inch kolhapuri inspired high wedge. Metallic shades intermingle to create a classic and versatile pair suitable for any occasion. Comfortable and light weight, this pair comes with a rubber non skid sole."
"stoffa_7534782808223","Classic High K Rose Antique","Shoes",4300,86,65,"36 (US 5.5);37 (US 6.5);38 (US 7.5);39 (US 8.5);40 (US 9.5);41 (US 10.5)","Handcrafted vegan leather upper, metallic cord braiding, signature dual-density memory foam footbed, anti-slip durable rubber sole.","Our signature hand crafted 3.5 inch high kolhapuri inspired wedge. In a range of subtle and elegant matte shades, it is a perfect match for any attire. Comfortable and light weight, this pair comes with a rubber non skid sole. This style is also available in 2 1/4 inches, and as flats. ¬† Size Chart"
"stoffa_7534782644383","Classic High K Wedge Maroon","Shoes",4300,86,65,"36 (US 5.5);37 (US 6.5);38 (US 7.5);39 (US 8.5);40 (US 9.5);41 (US 10.5)","Handcrafted vegan leather upper, metallic cord braiding, signature dual-density memory foam footbed, anti-slip durable rubber sole.","Our signature hand crafted 3.5 inch high kolhapuri inspired wedge. In a range of subtle and elegant matte shades, it is a perfect match for any attire. Comfortable and light weight, this pair comes with a rubber non skid sole. This style is also available in 2 1/4 inches, and as flats."
"stoffa_10911727059103","Tribal K Flats","Flats & Loafers",1950,39,84,"36 (US 5.5);37 (US 6.5);38 (US 7.5);39 (US 8.5);40 (US 9.5);41 (US 10.5)","Handcrafted vegan leather upper, metallic cord braiding, signature dual-density memory foam footbed, anti-slip durable rubber sole.","Like a splash of sunshine on your feet, these flats are pure spring fun! Choose between sunny Yellow, striking Orange or rich Maroon and dress up your simple attire."
"stoffa_10903029678239","Border Clutch Bag Gold","Bags",3900,78,59,"36 (US 5.5);37 (US 6.5);38 (US 7.5);39 (US 8.5);40 (US 9.5);41 (US 10.5)","Handcrafted vegan leather upper, metallic cord braiding, signature dual-density memory foam footbed, anti-slip durable rubber sole.","The perfect gold bag! Wear with Indians, Westerns or Indo western. See how beautifully the embroidered borders pair with a versatile faux cane. Sturdy and gorgeous with a chain for ease."
"stoffa_10903029645471","Border Flat Bag Gold","Bags",4200,84,64,"36 (US 5.5);37 (US 6.5);38 (US 7.5);39 (US 8.5);40 (US 9.5);41 (US 10.5)","Handcrafted vegan leather upper, metallic cord braiding, signature dual-density memory foam footbed, anti-slip durable rubber sole.","Carry this gorgeous embroidered border bag as a clutch or a cross body. Roomy enough to accommodate all that you need for a night out or a day out."
"stoffa_10903025615007","White Braid Wedge","Shoes",2100,42,31,"36 (US 5.5);37 (US 6.5);38 (US 7.5);39 (US 8.5);40 (US 9.5);41 (US 10.5)","Handcrafted vegan leather upper, metallic cord braiding, signature dual-density memory foam footbed, anti-slip durable rubber sole.","With it‚Äôs elegantly woven Silver and White cord heel, this 3.5 inch slip on wedge is perfect to wear with any classic ensemble. Softly padded base ensures comfort all day long."
"stoffa_10627954999455","Embellished Potli Bag Antique","Bags",5400,108,81,"36 (US 5.5);37 (US 6.5);38 (US 7.5);39 (US 8.5);40 (US 9.5);41 (US 10.5)","Handcrafted vegan leather upper, metallic cord braiding, signature dual-density memory foam footbed, anti-slip durable rubber sole.","Perfect for a night out, carry this beautifully embellished potli bag as a clutch or a cross body. Fits all that you would need it to."
"stoffa_10627927376031","Embellished Potli Bag Rose Gold","Bags",5400,108,81,"36 (US 5.5);37 (US 6.5);38 (US 7.5);39 (US 8.5);40 (US 9.5);41 (US 10.5)","Handcrafted vegan leather upper, metallic cord braiding, signature dual-density memory foam footbed, anti-slip durable rubber sole.","Perfect for a night out, carry this beautifully embellished potli bag as a clutch or a cross body. Fits all that you would need it to."
"stoffa_10627927277727","Embellished Potli Bag Black","Bags",5400,108,81,"36 (US 5.5);37 (US 6.5);38 (US 7.5);39 (US 8.5);40 (US 9.5);41 (US 10.5)","Handcrafted vegan leather upper, metallic cord braiding, signature dual-density memory foam footbed, anti-slip durable rubber sole.","Perfect for a night out, carry this beautifully embellished potli bag as a clutch or a cross body. Fits all that you would need it to."
"stoffa_10625484030111","Embellished Potli Bag Pewter","Bags",5400,108,81,"36 (US 5.5);37 (US 6.5);38 (US 7.5);39 (US 8.5);40 (US 9.5);41 (US 10.5)","Handcrafted vegan leather upper, metallic cord braiding, signature dual-density memory foam footbed, anti-slip durable rubber sole.","Perfect for a night out, carry this beautifully embellished potli bag as a clutch or a cross body. Fits all that you would need it to."
"stoffa_10575809970335","Gota Border Low K Wedge Gold","Shoes",4600,92,69,"36 (US 5.5);37 (US 6.5);38 (US 7.5);39 (US 8.5);40 (US 9.5);41 (US 10.5)","Handcrafted vegan leather upper, metallic cord braiding, signature dual-density memory foam footbed, anti-slip durable rubber sole.","Add a glamorous finishing touch to any of your bridal outfits with these beautifully handcrafted gota border wedges. This gorgeous style is available in both 3.5""and 2.25""and in gold and in silver. Size Chart"
"stoffa_10575690924191","Gota Border Low K Wedge Silver","Shoes",4600,92,69,"36 (US 5.5);37 (US 6.5);38 (US 7.5);39 (US 8.5);40 (US 9.5);41 (US 10.5)","Handcrafted vegan leather upper, metallic cord braiding, signature dual-density memory foam footbed, anti-slip durable rubber sole.","Add a glamorous finishing touch to any of your bridal outfits with these beautifully handcrafted gota border wedges. This gorgeous style is available in both 3.5""and 2.25""and in gold and in silver. Size Chart"
"stoffa_10575645606047","Strip Braid K Flats Light Gold","Flats & Loafers",4100,82,61,"36 (US 5.5);37 (US 6.5);38 (US 7.5);39 (US 8.5);40 (US 9.5);41 (US 10.5)","Handcrafted vegan leather upper, metallic cord braiding, signature dual-density memory foam footbed, anti-slip durable rubber sole.","These elegant and trendy K flats are padded and comfy enough to wear all day and everday! Choose between Deep Gold, Pewter and Light Gold and walk out in style! Size Chart"
"stoffa_10575641542815","Strip Braid K Flats Pewter","Flats & Loafers",4100,82,61,"36 (US 5.5);37 (US 6.5);38 (US 7.5);39 (US 8.5);40 (US 9.5);41 (US 10.5)","Handcrafted vegan leather upper, metallic cord braiding, signature dual-density memory foam footbed, anti-slip durable rubber sole.","These elegant and trendy K flats are padded and comfy enough to wear all day and everday! Choose between Deep Gold, Pewter and Light Gold and walk out in style! Size Chart"
"stoffa_10574497480863","Crystal Baguette Flats","Bags",4500,90,68,"36 (US 5.5);37 (US 6.5);38 (US 7.5);39 (US 8.5);40 (US 9.5);41 (US 10.5)","Handcrafted vegan leather upper, metallic cord braiding, signature dual-density memory foam footbed, anti-slip durable rubber sole.","Herald the festive season with these sparkling wedges! This style comes in a 3.5"", 2.25"" as well as in flats and is super versatile, so wear with either traditional or western ensembles!"
"stoffa_10575604940959","Strip Braid K Flats Gold","Flats & Loafers",4100,82,61,"36 (US 5.5);37 (US 6.5);38 (US 7.5);39 (US 8.5);40 (US 9.5);41 (US 10.5)","Handcrafted vegan leather upper, metallic cord braiding, signature dual-density memory foam footbed, anti-slip durable rubber sole.","These elegant and trendy K flats are padded and comfy enough to wear all day and everday! Choose between Deep Gold, Pewter and Light Gold and walk out in style! Size Chart"
"stoffa_10575398469791","Gota Border High K Wedge Silver","Shoes",4800,96,73,"36 (US 5.5);37 (US 6.5);38 (US 7.5);39 (US 8.5);40 (US 9.5);41 (US 10.5)","Handcrafted vegan leather upper, metallic cord braiding, signature dual-density memory foam footbed, anti-slip durable rubber sole.","Add a glamorous finishing touch to any of your bridal outfits with these beautifully handcrafted gota border wedges. This gorgeous style is available in both 3.5""and 2.25""and in gold and in silver."
"stoffa_10574498037919","Gota Border High K Wedge Gold","Shoes",4800,96,73,"36 (US 5.5);37 (US 6.5);38 (US 7.5);39 (US 8.5);40 (US 9.5);41 (US 10.5)","Handcrafted vegan leather upper, metallic cord braiding, signature dual-density memory foam footbed, anti-slip durable rubber sole.","Add a glamorous finishing touch to any of your bridal outfits with these beautifully handcrafted gota border wedges. This gorgeous style is available in both 3.5""and 2.25""and in gold and in silver."
"stoffa_10574497317023","Crystal  Baguette Low Wedge Light Gold","Bags",4700,94,71,"36 (US 5.5);37 (US 6.5);38 (US 7.5);39 (US 8.5);40 (US 9.5);41 (US 10.5)","Handcrafted vegan leather upper, metallic cord braiding, signature dual-density memory foam footbed, anti-slip durable rubber sole.","Herald the festive season with these sparkling wedges! This style comes in a 3.5"", 2.25"" as well as in flats and is super versatile, so wear with either traditional or western ensembles! Size Chart"
"stoffa_10574497153183","Crystal  Baguette High Wedge Light Gold","Bags",5100,102,76,"36 (US 5.5);37 (US 6.5);38 (US 7.5);39 (US 8.5);40 (US 9.5);41 (US 10.5)","Handcrafted vegan leather upper, metallic cord braiding, signature dual-density memory foam footbed, anti-slip durable rubber sole.","Herald the festive season with these sparkling wedges! This style comes in a 3.5"", 2.25"" as well as in flats and is super versatile, so wear with either traditional or western ensembles!"
"stoffa_10575248130207","Crystal Slip on Low Wedges Rose Gold","Flats & Loafers",4700,94,71,"36 (US 5.5);37 (US 6.5);38 (US 7.5);39 (US 8.5);40 (US 9.5);41 (US 10.5)","Handcrafted vegan leather upper, metallic cord braiding, signature dual-density memory foam footbed, anti-slip durable rubber sole.","These elegant slip on wedges in Light Gold &amp; Rose Gold shimmer with every step you take. Delicately embellished with crystals, these wedges come in 3.5"" and 2.25"" and are extra padded for comfort. Size Chart"
"stoffa_10574497087647","Crystal Slip on Low Wedges Light Gold","Flats & Loafers",4700,94,71,"36 (US 5.5);37 (US 6.5);38 (US 7.5);39 (US 8.5);40 (US 9.5);41 (US 10.5)","Handcrafted vegan leather upper, metallic cord braiding, signature dual-density memory foam footbed, anti-slip durable rubber sole.","These elegant slip on wedges in Light Gold &amp; Rose Gold shimmer with every step you take. Delicately embellished with crystals, these wedges come in 3.5"" and 2.25"" and are extra padded for comfort. Size Chart"
"stoffa_10574496923807","Crystal Slip on High Wedges Light Gold","Flats & Loafers",5100,102,76,"36 (US 5.5);37 (US 6.5);38 (US 7.5);39 (US 8.5);40 (US 9.5);41 (US 10.5)","Handcrafted vegan leather upper, metallic cord braiding, signature dual-density memory foam footbed, anti-slip durable rubber sole.","These elegant slip on wedges in Light Gold &amp; Rose Gold shimmer with every step you take. Delicately embellished with crystals, these wedges come in 3.5"" and 2.25"" and are extra padded for comfort."
"stoffa_10575230927007","Crystal Slip on High Wedges Rose Gold","Flats & Loafers",5100,102,76,"36 (US 5.5);37 (US 6.5);38 (US 7.5);39 (US 8.5);40 (US 9.5);41 (US 10.5)","Handcrafted vegan leather upper, metallic cord braiding, signature dual-density memory foam footbed, anti-slip durable rubber sole.","These elegant slip on wedges in Light Gold &amp; Rose Gold shimmer with every step you take. Delicately embellished with crystals, these wedges come in 3.5"" and 2.25"" and are extra padded for comfort."
"stoffa_10574497874079","Silver Gold Metallic Structured Wedges","Shoes",5200,104,79,"36 (US 5.5);37 (US 6.5);38 (US 7.5);39 (US 8.5);40 (US 9.5);41 (US 10.5)","Handcrafted vegan leather upper, metallic cord braiding, signature dual-density memory foam footbed, anti-slip durable rubber sole.","Once you slip your feet into these uber trendy wedges, we gaurantee you'll wear them for every festive occasion! 4 inches high but lightweight due to the heel structure."
"stoffa_9258915692703","Cross Strap High K Wedge Gold","Shoes",4300,86,65,"36 (US 5.5);37 (US 6.5);38 (US 7.5);39 (US 8.5);40 (US 9.5);41 (US 10.5)","Handcrafted vegan leather upper, metallic cord braiding, signature dual-density memory foam footbed, anti-slip durable rubber sole.","These silver or gold cross strap 3.5"" wedges are a worthy purchase, thanks to how classic they are! Extra padded for comfort, wear yours with everything from dresses to jeans! Size Chart"
"stoffa_9258875879583","Cross Strap High K Wedge Silver","Shoes",4300,86,65,"36 (US 5.5);37 (US 6.5);38 (US 7.5);39 (US 8.5);40 (US 9.5);41 (US 10.5)","Handcrafted vegan leather upper, metallic cord braiding, signature dual-density memory foam footbed, anti-slip durable rubber sole.","These silver or gold cross strap 3.5"" wedges are a worthy purchase, thanks to how classic they are! Extra padded for comfort, wear yours with everything from dresses to jeans!"
"stoffa_9038468350111","Tassle Low K Wedges Taupe","Shoes",4300,86,65,"36 (US 5.5);37 (US 6.5);38 (US 7.5);39 (US 8.5);40 (US 9.5);41 (US 10.5)","Handcrafted vegan leather upper, metallic cord braiding, signature dual-density memory foam footbed, anti-slip durable rubber sole.","What's not to love about these braided multi tassel K low wedges? Intricate craftsmanship and a soft padded base make these wedges comfortable all day and night long! You're spoilt for choice with 3 options in Silver, Champagne and Taupe!"
"stoffa_9038468284575","Tassle  Low K Wedges Champagne","Shoes",4300,86,65,"36 (US 5.5);37 (US 6.5);38 (US 7.5);39 (US 8.5);40 (US 9.5);41 (US 10.5)","Handcrafted vegan leather upper, metallic cord braiding, signature dual-density memory foam footbed, anti-slip durable rubber sole.","What's not to love about these braided multi tassel K low wedges? Intricate craftsmanship and a soft padded base make these wedges comfortable all day and night long! You're spoilt for choice with 3 options in Silver, Champagne and Taupe!"
"stoffa_9038468317343","Tassle Low K Wedges Silver Gold","Shoes",4300,86,65,"36 (US 5.5);37 (US 6.5);38 (US 7.5);39 (US 8.5);40 (US 9.5);41 (US 10.5)","Handcrafted vegan leather upper, metallic cord braiding, signature dual-density memory foam footbed, anti-slip durable rubber sole.","What's not to love about these braided multi tassel K low wedges? Intricate craftsmanship and a soft padded base make these wedges comfortable all day and night long! You're spoilt for choice with 3 options in Silver, Champagne and Taupe!"
"stoffa_9038468513951","Classic Low K Wedge Biscuit","Shoes",4100,82,61,"36 (US 5.5);37 (US 6.5);38 (US 7.5);39 (US 8.5);40 (US 9.5);41 (US 10.5)","Handcrafted vegan leather upper, metallic cord braiding, signature dual-density memory foam footbed, anti-slip durable rubber sole.","Our signature hand crafted 2 and a quarter inch kolhapuri inspired low wedge. A neutral shade expressed in a traditional format creates a classic and versatile pair suitable for any occasion. Comfortable and light weight, this pair comes with a rubber non skid sole."
"stoffa_7602573869215","Skin Crossfront High Wedge Gold","Shoes",4200,84,64,"36 (US 5.5);37 (US 6.5);38 (US 7.5);39 (US 8.5);40 (US 9.5);41 (US 10.5)","Handcrafted vegan leather upper, metallic cord braiding, signature dual-density memory foam footbed, anti-slip durable rubber sole.","Wear these super comfortable faux skin high wedges with any attire. Characterised by a jute dori, this pair is available in 2 shades of Gold. Size Chart ¬†"
"stoffa_7534774780063","Classic High K Wedge Black","Shoes",4300,86,65,"36 (US 5.5);37 (US 6.5);38 (US 7.5);39 (US 8.5);40 (US 9.5);41 (US 10.5)","Handcrafted vegan leather upper, metallic cord braiding, signature dual-density memory foam footbed, anti-slip durable rubber sole.","Our signature hand crafted 3.5 inch high kolhapuri inspired wedge. A neutral shade expressed in a traditional format creates a classic and versatile pair suitable for any occasion.¬†Comfortable and light weight, this pair¬†comes with a rubber non skid sole.¬†This style is also available in 2 1/4 inches, and as flats. Size Chart"
"stoffa_7536643145887","Classic K Flats Taupe","Flats & Loafers",3900,78,59,"36 (US 5.5);37 (US 6.5);38 (US 7.5);39 (US 8.5);40 (US 9.5);41 (US 10.5)","Handcrafted vegan leather upper, metallic cord braiding, signature dual-density memory foam footbed, anti-slip durable rubber sole.","Our signature Kolhapuri inspired flats in a range of subtle and elegant matte shades is perfect for any attire. Comfortable and light weight, this pair comes with a non-skid sole. This style is ¬† also available in 3.5 inch, 2.1/4 inch and 2 inch block heel. Size Chart"
"stoffa_7536611164319","Classic K Flats Camel","Flats & Loafers",3900,78,59,"36 (US 5.5);37 (US 6.5);38 (US 7.5);39 (US 8.5);40 (US 9.5);41 (US 10.5)","Handcrafted vegan leather upper, metallic cord braiding, signature dual-density memory foam footbed, anti-slip durable rubber sole.","Our signature hand crafted K flats in 1 inch kolhapuri inspired flats. A neutral shade expressed in a traditional format creates a classic and versatile pair suitable for any occasion. Comfortable and light weight, this pair comes with a non skid sole. This style is also available in 3.5 ¬† inches, 2.25 inches and a 2 inch block heel. Size Chart"
"stoffa_7536609689759","Classic K Flats Black","Flats & Loafers",3900,78,59,"36 (US 5.5);37 (US 6.5);38 (US 7.5);39 (US 8.5);40 (US 9.5);41 (US 10.5)","Handcrafted vegan leather upper, metallic cord braiding, signature dual-density memory foam footbed, anti-slip durable rubber sole.","Our signature hand crafted K flats in 1 inch kolhapuri inspired flats. A neutral shade expressed in a traditional format creates a classic and versatile pair suitable for any occasion. Comfortable and light weight, this pair comes with a non skid sole. This style is also available in 3.5 ¬† inches, 2.25 inches and a 2 inch block heel. Size Chart"
"stoffa_7536608739487","Classic K Flats Antique Gold","Flats & Loafers",3900,78,59,"36 (US 5.5);37 (US 6.5);38 (US 7.5);39 (US 8.5);40 (US 9.5);41 (US 10.5)","Handcrafted vegan leather upper, metallic cord braiding, signature dual-density memory foam footbed, anti-slip durable rubber sole.","Our signature hand crafted K flats in 1 inch kolhapuri inspired flats. Metallic shades intermingle to create a classic and versatile pair suitable for any occasion. Comfortable and light weight, this pair comes with a non skid sole. This style is also available in 3.5 ¬† inches, 2.25 inches and a 2 inch block heel. Size Chart"
"stoffa_7536607527071","Classic K Flats Silver","Flats & Loafers",3900,78,59,"36 (US 5.5);37 (US 6.5);38 (US 7.5);39 (US 8.5);40 (US 9.5);41 (US 10.5)","Handcrafted vegan leather upper, metallic cord braiding, signature dual-density memory foam footbed, anti-slip durable rubber sole.","Our signature hand crafted K flats in 1 inch kolhapuri inspired flats. Metallic shades intermingle to create a classic and versatile pair suitable for any occasion. Comfortable and light weight, this pair comes with a non skid sole. This style is also available in 4.5 inches, 3.5 ¬† ¬† inches, 2.25 inches and a 2 inch block heel."
"stoffa_7535440527519","Tassel K Flats Taupe","Flats & Loafers",4000,80,60,"36 (US 5.5);37 (US 6.5);38 (US 7.5);39 (US 8.5);40 (US 9.5);41 (US 10.5)","Handcrafted vegan leather upper, metallic cord braiding, signature dual-density memory foam footbed, anti-slip durable rubber sole.","What's not to love about these braided multi tassel K flats? Intricate craftsmanship and a soft padded base make these flats comfortable all day and night long! You're spoilt for choice with 3 options in Champagne, Silver and Taupe! Fits small in size, take a size bigger than normal. Size Chart"
"stoffa_7535440429215","Tassel K Flats Champagne","Flats & Loafers",4000,80,60,"36 (US 5.5);37 (US 6.5);38 (US 7.5);39 (US 8.5);40 (US 9.5);41 (US 10.5)","Handcrafted vegan leather upper, metallic cord braiding, signature dual-density memory foam footbed, anti-slip durable rubber sole.","What's not to love about these braided multi tassel K flats? Intricate craftsmanship and a soft padded base make these flats comfortable all day and night long! You're spoilt for choice with 3 options in Champagne, Silver and Taupe! Fits small in size, take a size bigger than normal. Size Chart"
"stoffa_7535435612319","Classic K Flats Dark Grey","Flats & Loafers",3900,78,59,"36 (US 5.5);37 (US 6.5);38 (US 7.5);39 (US 8.5);40 (US 9.5);41 (US 10.5)","Handcrafted vegan leather upper, metallic cord braiding, signature dual-density memory foam footbed, anti-slip durable rubber sole.","Our signature Kolhapuri inspired flats in a range of subtle and elegant matte shades is perfect for any attire. Comfortable and light weight, this pair comes with a non-skid sole. This style is ¬† also available in 3.5 inch, 2.1/4 inch and 2 inch block heel. Size Chart"
"stoffa_7535435350175","Classic K Flats Ink","Flats & Loafers",3900,78,59,"36 (US 5.5);37 (US 6.5);38 (US 7.5);39 (US 8.5);40 (US 9.5);41 (US 10.5)","Handcrafted vegan leather upper, metallic cord braiding, signature dual-density memory foam footbed, anti-slip durable rubber sole.","Our signature Kolhapuri inspired flats in a range of subtle and elegant matte shades is perfect for any attire. Comfortable and light weight, this pair comes with a non-skid sole. This style is ¬† also available in 3.5 inch, 2.1/4 inch and 2 inch block heel. Size Chart"
"stoffa_7535434727583","Classic K Flats Chocolate","Flats & Loafers",3900,78,59,"36 (US 5.5);37 (US 6.5);38 (US 7.5);39 (US 8.5);40 (US 9.5);41 (US 10.5)","Handcrafted vegan leather upper, metallic cord braiding, signature dual-density memory foam footbed, anti-slip durable rubber sole.","Our signature Kolhapuri inspired flats in a range of subtle and elegant matte shades is perfect for any attire. Comfortable and light weight, this pair comes with a non-skid sole. This style is ¬† also available in 3.5 inch, 2.1/4 inch and 2 inch block heel. Size Chart"
"stoffa_7535363784863","Crystal Low Wedge Champagne","Shoes",4700,94,71,"36 (US 5.5);37 (US 6.5);38 (US 7.5);39 (US 8.5);40 (US 9.5);41 (US 10.5)","Handcrafted vegan leather upper, metallic cord braiding, signature dual-density memory foam footbed, anti-slip durable rubber sole.","Pair our stylish crystal braided 2.25"" wedges with any formal and festive attire! The crystal embellishment blends beautifully with classic champagne or with matte silver to give you 2 elegant options. Also available in a 3.5‚Äù wedge. Size Chart"
"stoffa_7535357231263","Classic Low K Wedge Maroon","Shoes",4100,82,61,"36 (US 5.5);37 (US 6.5);38 (US 7.5);39 (US 8.5);40 (US 9.5);41 (US 10.5)","Handcrafted vegan leather upper, metallic cord braiding, signature dual-density memory foam footbed, anti-slip durable rubber sole.","Our signature hand crafted 2 and a quarter inch kolhapuri inspired low wedge. In a range of subtle and elegant matte shades, it is a perfect match for any attire. Comfortable and light weight, this pair comes with a rubber non skid sole. This style is also available in 3.5 inches, a 2 inch block heel, and as flats. Size Chart"
"stoffa_7535356313759","Classic Low K Wedge Black","Shoes",4100,82,61,"36 (US 5.5);37 (US 6.5);38 (US 7.5);39 (US 8.5);40 (US 9.5);41 (US 10.5)","Handcrafted vegan leather upper, metallic cord braiding, signature dual-density memory foam footbed, anti-slip durable rubber sole.","Our signature hand crafted 2 and a quarter inch kolhapuri inspired low wedge. In a range of subtle and elegant matte shades, it is a perfect match for any attire. Comfortable and light weight, this pair comes with a rubber non skid sole. This style is also available in 3.5 inches, a 2 inch block heel, and as flats. Size Chart"
"stoffa_7535356084383","Classic Low K Wedge Chocolate","Shoes",4100,82,61,"36 (US 5.5);37 (US 6.5);38 (US 7.5);39 (US 8.5);40 (US 9.5);41 (US 10.5)","Handcrafted vegan leather upper, metallic cord braiding, signature dual-density memory foam footbed, anti-slip durable rubber sole.","Our signature hand crafted 2 and a quarter inch kolhapuri inspired low wedge. In a range of subtle and elegant matte shades, it is a perfect match for any attire. Comfortable and light weight, this pair comes with a rubber non skid sole. This style is also available in 3.5 inches, a 2 inch block heel, and as flats. Size Chart"
"stoffa_7535353757855","Classic Low K Wedge Maroon","Shoes",4100,82,61,"36 (US 5.5);37 (US 6.5);38 (US 7.5);39 (US 8.5);40 (US 9.5);41 (US 10.5)","Handcrafted vegan leather upper, metallic cord braiding, signature dual-density memory foam footbed, anti-slip durable rubber sole.","Our signature hand crafted 2 and a quarter inch kolhapuri inspired low wedge. A neutral shade expressed in a traditional format creates a classic and versatile pair suitable for any occasion. Comfortable and light weight, this pair comes with a rubber non skid sole. This style is also available in 3.5 inches, a 2 inch block heel and as flats. Size Chart"
"stoffa_7535334916255","Classic Low K Wedge Antique Gold","Shoes",4100,82,61,"36 (US 5.5);37 (US 6.5);38 (US 7.5);39 (US 8.5);40 (US 9.5);41 (US 10.5)","Handcrafted vegan leather upper, metallic cord braiding, signature dual-density memory foam footbed, anti-slip durable rubber sole.","Our signature hand crafted 2 and a quarter inch kolhapuri inspired low wedge. A neutral shade expressed in a traditional format creates a classic and versatile pair suitable for any occasion. Comfortable and light weight, this pair comes with a rubber non skid sole. This style is also available in 3.5 inches, a 2 inch block heel and as flats. Size Chart"
"stoffa_7535333605535","Classic Low K Wedge Taupe","Shoes",4100,82,61,"36 (US 5.5);37 (US 6.5);38 (US 7.5);39 (US 8.5);40 (US 9.5);41 (US 10.5)","Handcrafted vegan leather upper, metallic cord braiding, signature dual-density memory foam footbed, anti-slip durable rubber sole.","Our signature hand crafted 2 and a quarter inch kolhapuri inspired low wedge. A neutral shade expressed in a traditional format creates a classic and versatile pair suitable for any occasion. Comfortable and light weight, this pair comes with a rubber non skid sole. This style is also available in 3.5 inches, a 2 inch block heel and as flats. Size Chart"
"stoffa_7535332393119","Classic Low K Wedge Camel","Shoes",4100,82,61,"36 (US 5.5);37 (US 6.5);38 (US 7.5);39 (US 8.5);40 (US 9.5);41 (US 10.5)","Handcrafted vegan leather upper, metallic cord braiding, signature dual-density memory foam footbed, anti-slip durable rubber sole.","Our signature hand crafted 2 and a quarter inch kolhapuri inspired low wedge. A neutral shade expressed in a traditional format creates a classic and versatile pair suitable for any occasion. Comfortable and light weight, this pair comes with a rubber non skid sole. This style is also available in 3.5 inches, a 2 inch block heel and as flats. Size Chart"
"stoffa_7535330721951","Classic Low K Wedge Rose Gold","Shoes",4100,82,61,"36 (US 5.5);37 (US 6.5);38 (US 7.5);39 (US 8.5);40 (US 9.5);41 (US 10.5)","Handcrafted vegan leather upper, metallic cord braiding, signature dual-density memory foam footbed, anti-slip durable rubber sole.","Our signature hand crafted 2 and a quarter inch kolhapuri inspired low wedge. Metallic shades intermingle to create a classic and versatile pair suitable for any occasion. Comfortable and light weight, this pair comes with a rubber non skid sole. This style is also available in 4.5 inches, 3.5 ¬† inches, a 2 inch block heel and as flats. Size Chart"
"stoffa_7535329378463","Classic Low K Wedge Rose Antique","Shoes",4100,82,61,"36 (US 5.5);37 (US 6.5);38 (US 7.5);39 (US 8.5);40 (US 9.5);41 (US 10.5)","Handcrafted vegan leather upper, metallic cord braiding, signature dual-density memory foam footbed, anti-slip durable rubber sole.","Our signature hand crafted 2 and a quarter inch kolhapuri inspired low wedge. In a range of subtle and elegant matte shades, it is a perfect match for any attire. Comfortable and light weight, this pair comes with a rubber non skid sole. This style is also available in 3.5 inches, a 2 inch block heel, and as flats. Size Chart"
"stoffa_7535324168351","Classic Low K Wedge Pewter","Shoes",4100,82,61,"36 (US 5.5);37 (US 6.5);38 (US 7.5);39 (US 8.5);40 (US 9.5);41 (US 10.5)","Handcrafted vegan leather upper, metallic cord braiding, signature dual-density memory foam footbed, anti-slip durable rubber sole.","Our signature hand crafted 2 and a quarter inch kolhapuri inspired low wedge. Metallic shades intermingle to create a classic and versatile pair suitable for any occasion. Comfortable and light weight, this pair comes with a rubber non skid sole. This style is also available in 3.5 inches, a 2 inch block heel and as flats. Size Chart"
"stoffa_7535323971743","Classic Low K Wedge Slate","Shoes",4100,82,61,"36 (US 5.5);37 (US 6.5);38 (US 7.5);39 (US 8.5);40 (US 9.5);41 (US 10.5)","Handcrafted vegan leather upper, metallic cord braiding, signature dual-density memory foam footbed, anti-slip durable rubber sole.","Our signature hand crafted 2 and a quarter inch kolhapuri inspired low wedge. In a range of subtle and elegant matte shades, it is a perfect match for any attire. Comfortable and light weight, this pair comes with a rubber non skid sole. This style is also available in 3.5 inches, a 2 inch block heel, and as flats. Size Chart"
"stoffa_7535323087007","Classic Low K Wedge Champagne","Shoes",4100,82,61,"36 (US 5.5);37 (US 6.5);38 (US 7.5);39 (US 8.5);40 (US 9.5);41 (US 10.5)","Handcrafted vegan leather upper, metallic cord braiding, signature dual-density memory foam footbed, anti-slip durable rubber sole.","Our signature hand crafted 2 and a quarter inch kolhapuri inspired low wedge. Metallic shades intermingle to create a classic and versatile pair suitable for any occasion. Comfortable and light weight, this pair comes with a rubber non skid sole. This style is also available in 4.5 inches, 3.5 inches, a 2 inch block heel and as flats. Size Chart"
"stoffa_7534876229791","Crystal Low Wedge Matte Silver","Shoes",4700,94,71,"36 (US 5.5);37 (US 6.5);38 (US 7.5);39 (US 8.5);40 (US 9.5);41 (US 10.5)","Handcrafted vegan leather upper, metallic cord braiding, signature dual-density memory foam footbed, anti-slip durable rubber sole.","Pair our stylish crystal braided 2.25"" wedges with any formal and festive attire! The crystal embellishment blends beautifully with classic champagne or with matte silver to give you 2 elegant options. Also available in a 3.5"" wedge. Size Chart"
"stoffa_7534815379615","Multi Border Low Wedge","Shoes",4400,88,66,"36 (US 5.5);37 (US 6.5);38 (US 7.5);39 (US 8.5);40 (US 9.5);41 (US 10.5)","Handcrafted vegan leather upper, metallic cord braiding, signature dual-density memory foam footbed, anti-slip durable rubber sole.","Wear this beautifully designed K wedge with all your festive wear! The 2.25"" heel is delicately adorned with rows of embroidered borders in rich antique. This style is also available in a 3.5"" and 4.5"" wedge. Size Chart"
"stoffa_7534812299423","Crystal Higher K Wedge Champagne","Shoes",5200,104,79,"36 (US 5.5);37 (US 6.5);38 (US 7.5);39 (US 8.5);40 (US 9.5);41 (US 10.5)","Handcrafted vegan leather upper, metallic cord braiding, signature dual-density memory foam footbed, anti-slip durable rubber sole.","Our signature 4.5'' high kolhapuri inspired wedge, rendered beautifully in striking crystal. Choose between champagne or silver to get an elegant and timeless pair of formal wedges that will perfectly complement your festive attire. This style is also available in 3.5 inch, 2 and a quarter inch as well as flats. Size Chart"
"stoffa_7534770061471","Crystal High K Wedge Champagne","Shoes",4600,92,69,"36 (US 5.5);37 (US 6.5);38 (US 7.5);39 (US 8.5);40 (US 9.5);41 (US 10.5)","Handcrafted vegan leather upper, metallic cord braiding, signature dual-density memory foam footbed, anti-slip durable rubber sole.","Our signature 3.5'' high kolhapuri inspired wedge, rendered beautifully in striking crystal. Choose between champagne or silver to get an elegant and timeless pair of formal wedges that will perfectly complement your festive attire.This style is also available in 4.5 inches, 2 and a quarter inch as well as in flats.¬† Size Chart"
"stoffa_7534764195999","Classic K Block Heel Black","Heels",4700,94,71,"36 (US 5.5);37 (US 6.5);38 (US 7.5);39 (US 8.5);40 (US 9.5);41 (US 10.5)","Handcrafted vegan leather upper, metallic cord braiding, signature dual-density memory foam footbed, anti-slip durable rubber sole.","Our signature hand crafted 2.25 inch ¬† kolhapuri inspired block heel. A neutral shade expressed in a traditional format creates a classic and versatile pair suitable for any occasion. Comfortable and light weight, this pair comes with a non skid sole. This style is also available in 4.5 inches 3.5 inches, 2 1/4 inches, and as flats. Size Chart"
"stoffa_7534763704479","Classic K Block Heel Camel","Heels",4700,94,71,"36 (US 5.5);37 (US 6.5);38 (US 7.5);39 (US 8.5);40 (US 9.5);41 (US 10.5)","Handcrafted vegan leather upper, metallic cord braiding, signature dual-density memory foam footbed, anti-slip durable rubber sole.","Our signature hand crafted 2.25 inch ¬† kolhapuri inspired block heel. A neutral shade expressed in a traditional format creates a classic and versatile pair suitable for any occasion. Comfortable and light weight, this pair comes with a non skid sole. This style is also available in 4.5 inches 3.5 inches, 2 1/4 inches, and as flats. Size Chart"
"stoffa_7534762754207","Classic K Block Heel Maroon","Heels",4700,94,71,"36 (US 5.5);37 (US 6.5);38 (US 7.5);39 (US 8.5);40 (US 9.5);41 (US 10.5)","Handcrafted vegan leather upper, metallic cord braiding, signature dual-density memory foam footbed, anti-slip durable rubber sole.","Our signature hand crafted 2.25 inch kolhapuri inspired block heel. In a range of subtle and elegant matte shades, it is a perfect match for any attire. Comfortable and light weight, this pair comes with a non skid sole. This style is also available in 3.5 inches, 2.25 inches, and as flats. Size Chart"
"stoffa_7534165393567","PVC High Wedge","Shoes",4200,84,64,"36 (US 5.5);37 (US 6.5);38 (US 7.5);39 (US 8.5);40 (US 9.5);41 (US 10.5)","Handcrafted vegan leather upper, metallic cord braiding, signature dual-density memory foam footbed, anti-slip durable rubber sole.","Contemporary and neutral, these PVC¬†high wedges look elegant on your feet and complement any ensemble.¬†Comfortable and light weight, this pair comes with a rubber non skid sole."
"stoffa_7534017773727","Crystal High K Wedge Silver","Shoes",4600,92,69,"36 (US 5.5);37 (US 6.5);38 (US 7.5);39 (US 8.5);40 (US 9.5);41 (US 10.5)","Handcrafted vegan leather upper, metallic cord braiding, signature dual-density memory foam footbed, anti-slip durable rubber sole.","Our signature 3.5'' high kolhapuri inspired wedge, rendered beautifully in striking crystal. Choose between champagne or silver to get an elegant and timeless pair of formal wedges that will perfectly complement your festive attire.This style is also available in 4.5 inches, 2 and a quarter inch as well as in flats. Size Chart"
"stoffa_7534007845023","Tassel K Flats Silver","Flats & Loafers",4000,80,60,"36 (US 5.5);37 (US 6.5);38 (US 7.5);39 (US 8.5);40 (US 9.5);41 (US 10.5)","Handcrafted vegan leather upper, metallic cord braiding, signature dual-density memory foam footbed, anti-slip durable rubber sole.","What's not to love about these braided multi tassel K flats? Intricate craftsmanship and a soft padded base make these flats comfortable all day and night long! You're spoilt for choice with 3 options in Champagne, Silver and Taupe! Fits small in size, take a size bigger than normal. Size Chart"
"stoffa_7533982122143","Classic K Flats Navy","Flats & Loafers",3900,78,59,"36 (US 5.5);37 (US 6.5);38 (US 7.5);39 (US 8.5);40 (US 9.5);41 (US 10.5)","Handcrafted vegan leather upper, metallic cord braiding, signature dual-density memory foam footbed, anti-slip durable rubber sole.","Our signature Kolhapuri inspired flats in a range of subtle and elegant matte shades is perfect for any attire. Comfortable and light weight, this pair comes with a non-skid sole. This style is ¬† also available in 3.5 inch, 2.1/4 inch and 2 inch block heel. Size Chart"
"stoffa_7533978976415","Crystal High Wedge Matte Silver","Shoes",5100,102,76,"36 (US 5.5);37 (US 6.5);38 (US 7.5);39 (US 8.5);40 (US 9.5);41 (US 10.5)","Handcrafted vegan leather upper, metallic cord braiding, signature dual-density memory foam footbed, anti-slip durable rubber sole.","Pair our stylish crystal braided 3.5"" wedges with any formal and festive attire! ¬† The crystal embellishment blends beautifully with classic champagne or with matte silver to give you ¬† 2 elegant options. Also available in a 2.25"" wedge. Size Chart"
"stoffa_7533975175327","Crystal High Wedge Champagne","Shoes",5100,102,76,"36 (US 5.5);37 (US 6.5);38 (US 7.5);39 (US 8.5);40 (US 9.5);41 (US 10.5)","Handcrafted vegan leather upper, metallic cord braiding, signature dual-density memory foam footbed, anti-slip durable rubber sole.","Pair our stylish crystal braided 3.5"" wedges with any formal and festive attire! The crystal embellishment blends beautifully with classic champagne or with matte silver to give you 2 elegant options. Also available in a 2.25"" wedge. Size Chart"
"stoffa_7533965803679","Classic K Flats Gold","Flats & Loafers",3900,78,59,"36 (US 5.5);37 (US 6.5);38 (US 7.5);39 (US 8.5);40 (US 9.5);41 (US 10.5)","Handcrafted vegan leather upper, metallic cord braiding, signature dual-density memory foam footbed, anti-slip durable rubber sole.","Our signature hand crafted K flats in 1 inch kolhapuri inspired flats. Metallic shades intermingle to create a classic and versatile pair suitable for any occasion. Comfortable and light weight, this pair comes with a non skid sole. This style is also available in 4.5 inches, 3.5 ¬† inches, 2.25 inches and a 2 inch block heel."
"stoffa_7533691994271","Multi Border High Wedge","Shoes",4700,94,71,"36 (US 5.5);37 (US 6.5);38 (US 7.5);39 (US 8.5);40 (US 9.5);41 (US 10.5)","Handcrafted vegan leather upper, metallic cord braiding, signature dual-density memory foam footbed, anti-slip durable rubber sole.","Wear this beautifully designed K wedge with all your festive wear! The 3.5"" heel is delicately adorned with rows of embroidered borders in rich antique. This style is also available in a 2.25"" and 4.5"" wedge. Size Chart"
"stoffa_7533691568287","Gold Hardware Structured Heel Silver","Heels",4700,94,71,"36 (US 5.5);37 (US 6.5);38 (US 7.5);39 (US 8.5);40 (US 9.5);41 (US 10.5)","Handcrafted vegan leather upper, metallic cord braiding, signature dual-density memory foam footbed, anti-slip durable rubber sole.","Put your best foot forward in these uber stylish gold stud wedges. The heel detail makes the pair light and extra comfortable. Choose between classic Silver and Light Gold to get a pair that will stand out with any formal attire."
"stoffa_7490695659679","Classic K Block Heel Rose Antique","Heels",4700,94,71,"36 (US 5.5);37 (US 6.5);38 (US 7.5);39 (US 8.5);40 (US 9.5);41 (US 10.5)","Handcrafted vegan leather upper, metallic cord braiding, signature dual-density memory foam footbed, anti-slip durable rubber sole.","Our signature hand crafted 2.25 inch kolhapuri inspired block heel. In a range of subtle and elegant matte shades, it is a perfect match for any attire. Comfortable and light weight, this pair comes with a non skid sole. This style is also available in 3.5 inches, 2.25 inches, and as flats. Size Chart"
"stoffa_7489579122847","Crystal K Flats Silver","Flats & Loafers",4100,82,61,"36 (US 5.5);37 (US 6.5);38 (US 7.5);39 (US 8.5);40 (US 9.5);41 (US 10.5)","Handcrafted vegan leather upper, metallic cord braiding, signature dual-density memory foam footbed, anti-slip durable rubber sole.","Our signature Kolhapuri Flats, rendered beautifully in striking crystal. Choose between classic champagne and silver to get an elegant and timeless pair of formal flats that will perfectly complement your festive attire. This style is also available in 4.5', 3.5'', 2.1/4'' and 2'' block heel. Size Chart"
"stoffa_7489577975967","Gold hardware Flats Black","Flats & Loafers",4000,80,60,"36 (US 5.5);37 (US 6.5);38 (US 7.5);39 (US 8.5);40 (US 9.5);41 (US 10.5)","Handcrafted vegan leather upper, metallic cord braiding, signature dual-density memory foam footbed, anti-slip durable rubber sole.","Dressy gold hardware flats that will stand out in any occasion. This pair is extra padded for your comfort and comes with a non skid sole. Also available in Black / Camel. Size Chart"
"stoffa_7480171528351","Classic K Block Heel Rose Gold","Heels",4700,94,71,"36 (US 5.5);37 (US 6.5);38 (US 7.5);39 (US 8.5);40 (US 9.5);41 (US 10.5)","Handcrafted vegan leather upper, metallic cord braiding, signature dual-density memory foam footbed, anti-slip durable rubber sole.","Our signature hand crafted 2.25 inch kolhapuri inspired block heel. Metallic shades intermingle to create a classic and versatile pair suitable for any occasion. Comfortable and light weight, this pair comes with a non skid sole. This style is also available in 4.5 inches, 3.5 inches, 2 1/4 inches, and as flats. Size Chart"
"stoffa_7480171266207","Classic K Block Heel - Champagne","Heels",4700,94,71,"36 (US 5.5);37 (US 6.5);38 (US 7.5);39 (US 8.5);40 (US 9.5);41 (US 10.5)","Handcrafted vegan leather upper, metallic cord braiding, signature dual-density memory foam footbed, anti-slip durable rubber sole.","Our signature hand crafted 2.25 inch kolhapuri inspired block heel. Metallic shades intermingle to create a classic and versatile pair suitable for any occasion. Comfortable and light weight, this pair comes with a non skid sole. This style is also available in 4.5 inches, 3.5 inches, 2 1/4 inches, and as flats. Size Chart"
"stoffa_7480171135135","Classic K Block Heel Gold","Heels",4700,94,71,"36 (US 5.5);37 (US 6.5);38 (US 7.5);39 (US 8.5);40 (US 9.5);41 (US 10.5)","Handcrafted vegan leather upper, metallic cord braiding, signature dual-density memory foam footbed, anti-slip durable rubber sole.","Our signature hand crafted 2.25 inch kolhapuri inspired block heel. Metallic shades intermingle to create a classic and versatile pair suitable for any occasion. Comfortable and light weight, this pair comes with a non skid sole. This style is also available in 4.5 inches, 3.5 inches, 2 1/4 inches, and as flats. Size Chart"
"stoffa_7480155766943","Crystal Low K Wedge Silver","Shoes",4300,86,65,"36 (US 5.5);37 (US 6.5);38 (US 7.5);39 (US 8.5);40 (US 9.5);41 (US 10.5)","Handcrafted vegan leather upper, metallic cord braiding, signature dual-density memory foam footbed, anti-slip durable rubber sole.","Our signature 2.1/4'' low kolhapuri inspired low wedge, rendered beautifully in striking crystal. Choose between champagne or silver to get an elegant and timeless pair of formal wedges that will perfectly complement your festive attire.This style is also available in 4.5 inch, 3.5 inch and as well as flats. Size Chart"
"stoffa_7463037304991","Classic Higher K Wedge Champagne","Shoes",4900,98,74,"36 (US 5.5);37 (US 6.5);38 (US 7.5);39 (US 8.5);40 (US 9.5);41 (US 10.5)","Handcrafted vegan leather upper, metallic cord braiding, signature dual-density memory foam footbed, anti-slip durable rubber sole.","Our signature 4.5'' high kolhapuri inspired wedge. Metallic shades intermingle to create a classic and versatile pair suited for any occasion. Comfortable and light weight, this pair comes with a rubber non skid sole. This style is also available in 3.5 inches,¬†2 and a quarter inch as well as in flats."
"stoffa_7462799343775","Classic Higher K Wedge Silver","Shoes",4900,98,74,"36 (US 5.5);37 (US 6.5);38 (US 7.5);39 (US 8.5);40 (US 9.5);41 (US 10.5)","Handcrafted vegan leather upper, metallic cord braiding, signature dual-density memory foam footbed, anti-slip durable rubber sole.","Our signature 4.5'' high kolhapuri inspired wedge. Metallic shades intermingle to create a classic and versatile pair suited for any occasion. Comfortable and light weight, this pair comes with a rubber non skid sole. This style is also available in 3.5 inches, 2 and a quarter inches and as flats."
"stoffa_7462795968671","Classic Higher K Wedge Rose Gold","Shoes",4900,98,74,"36 (US 5.5);37 (US 6.5);38 (US 7.5);39 (US 8.5);40 (US 9.5);41 (US 10.5)","Handcrafted vegan leather upper, metallic cord braiding, signature dual-density memory foam footbed, anti-slip durable rubber sole.","Our signature 4.5'' high kolhapuri inspired wedge. Metallic shades intermingle to create a classic and versatile pair suited for any occasion. Comfortable and light weight, this pair comes with a rubber non skid sole. This style is also available in 3.5 inches,¬†2 and a quarter inches and as flats."
"stoffa_6959134572703","Gold hardware Flats Camel","Flats & Loafers",4000,80,60,"36 (US 5.5);37 (US 6.5);38 (US 7.5);39 (US 8.5);40 (US 9.5);41 (US 10.5)","Handcrafted vegan leather upper, metallic cord braiding, signature dual-density memory foam footbed, anti-slip durable rubber sole.","Dressy gold hardware flats that will stand out in any occasion. This pair is extra padded for your comfort and comes with a non skid sole. Also available in Black / Camel. Size Chart"
"stoffa_6914364965023","Crystal low K Wedge Light Gold","Shoes",4300,86,65,"36 (US 5.5);37 (US 6.5);38 (US 7.5);39 (US 8.5);40 (US 9.5);41 (US 10.5)","Handcrafted vegan leather upper, metallic cord braiding, signature dual-density memory foam footbed, anti-slip durable rubber sole.","Match your bridal attire in this shimmering low kolhapuri inspired wedge. Crystals carefully chosen not to get caught in your delicate clothing. Choose between Light Gold and Soft Copper to get an elegant and timeless pair of formal wedges that will perfectly complement your festive attire. This style is also available in a 3.5 inch heel. Size Chart"
"stoffa_6914364571807","Crystal High K Wedge Light Gold","Shoes",4600,92,69,"36 (US 5.5);37 (US 6.5);38 (US 7.5);39 (US 8.5);40 (US 9.5);41 (US 10.5)","Handcrafted vegan leather upper, metallic cord braiding, signature dual-density memory foam footbed, anti-slip durable rubber sole.","Match your bridal attire in this shimmering K wedge. Crystals carefully chosen not to get caught in your delicate clothing. Choose between Light Gold and Soft Copper to get an elegant and timeless pair of formal wedges that will perfectly complement your festive attire. This style is also available in a 2 and a quarter inch heel. Size Chart"
"stoffa_6914363916447","Crystal K Flats Champagne","Flats & Loafers",4100,82,61,"36 (US 5.5);37 (US 6.5);38 (US 7.5);39 (US 8.5);40 (US 9.5);41 (US 10.5)","Handcrafted vegan leather upper, metallic cord braiding, signature dual-density memory foam footbed, anti-slip durable rubber sole.","Our signature Kolhapuri Flats, rendered beautifully in striking crystal. Choose between classic champagne and silver to get an elegant and timeless pair of formal flats that will perfectly complement your festive attire. This style is also available in 4.5', 3.5'', 2.1/4'' and 2'' block heel. Size Chart"
"stoffa_6914363588767","Crystal low K Wedge Champagne","Shoes",4300,86,65,"36 (US 5.5);37 (US 6.5);38 (US 7.5);39 (US 8.5);40 (US 9.5);41 (US 10.5)","Handcrafted vegan leather upper, metallic cord braiding, signature dual-density memory foam footbed, anti-slip durable rubber sole.","Our signature 2.1/4'' low kolhapuri inspired low wedge, rendered beautifully in striking crystal. Choose between champagne or silver to get an elegant and timeless pair of formal wedges that will perfectly complement your festive attire.This style is also available in 4.5 inch, 3.5 inch and as well as flats. Size Chart"
"stoffa_6717341696159","Gold Hardware Structured Heel Light Gold","Heels",4700,94,71,"36 (US 5.5);37 (US 6.5);38 (US 7.5);39 (US 8.5);40 (US 9.5);41 (US 10.5)","Handcrafted vegan leather upper, metallic cord braiding, signature dual-density memory foam footbed, anti-slip durable rubber sole.","Put your best foot forward in these uber stylish gold stud wedges. The heel detail makes the pair light and extra comfortable. Choose between classic Silver and Light Gold to get a pair that will stand out with any formal attire."
"stoffa_6717341630623","Classic Higher K Wedge Gold","Shoes",4900,98,74,"36 (US 5.5);37 (US 6.5);38 (US 7.5);39 (US 8.5);40 (US 9.5);41 (US 10.5)","Handcrafted vegan leather upper, metallic cord braiding, signature dual-density memory foam footbed, anti-slip durable rubber sole.","Our signature 4.5'' high kolhapuri inspired wedge. Metallic shades intermingle to create a classic and versatile pair suited for any occasion. Comfortable and light weight, this pair comes with a rubber non skid sole. This style is also available in 3.5 inches,¬†2 and a quarter inches and as flats."
"stoffa_6717341532319","Crystal Higher K Wedge Silver","Shoes",5200,104,79,"36 (US 5.5);37 (US 6.5);38 (US 7.5);39 (US 8.5);40 (US 9.5);41 (US 10.5)","Handcrafted vegan leather upper, metallic cord braiding, signature dual-density memory foam footbed, anti-slip durable rubber sole.","Our signature 4.5'' high kolhapuri inspired wedge, rendered beautifully in striking crystal. Choose between champagne or silver to get an elegant and timeless pair of formal wedges that will perfectly complement your festive attire.This style is also available in 3.5 inch, 2 and a quarter inch as well as flats. Size Chart"
"stoffa_6911470534815","Classic K Block Heel Taupe","Heels",4700,94,71,"36 (US 5.5);37 (US 6.5);38 (US 7.5);39 (US 8.5);40 (US 9.5);41 (US 10.5)","Handcrafted vegan leather upper, metallic cord braiding, signature dual-density memory foam footbed, anti-slip durable rubber sole.","Our signature hand crafted 2.25 inch kolhapuri inspired block heel. In a range of subtle and elegant matte shades, it is a perfect match for any attire. Comfortable and light weight, this pair comes with a non skid sole. This style is also available in 3.5 inches, 2.25 inches, and as flats. Size Chart"
"stoffa_6911469093023","Classic K Block Heel Silver","Heels",4700,94,71,"36 (US 5.5);37 (US 6.5);38 (US 7.5);39 (US 8.5);40 (US 9.5);41 (US 10.5)","Handcrafted vegan leather upper, metallic cord braiding, signature dual-density memory foam footbed, anti-slip durable rubber sole.","Our signature hand crafted 2.25 inch kolhapuri inspired block heel. Metallic shades intermingle to create a classic and versatile pair suitable for any occasion. Comfortable and light weight, this pair comes with a non skid sole. This style is also available in 4.5 inches, 3.5 inches, 2 1/4 inches, and as flats. Size Chart"